Passengerid,Age,Fare,Sex,sibsp,zero,zero.1,zero.2,zero.3,zero.4,zero.5,zero.6,Parch,zero.7,zero.8,zero.9,zero.10,zero.11,zero.12,zero.13,zero.14,Pclass,zero.15,zero.16,Embarked,zero.17,zero.18,2urvived
2,38.0,71.2833,1,1,0,0,0,0,0,0,0,0,0,0,0,0,0,0,0,0,1,0,0,0.0,0,0,1
3,26.0,7.925,1,0,0,0,0,0,0,0,0,0,0,0,0,0,0,0,0,0,3,0,0,2.0,0,0,1
4,35.0,53.1,1,1,0,0,0,0,0,0,0,0,0,0,0,0,0,0,0,0,1,0,0,2.0,0,0,1
9,27.0,11.1333,1,0,0,0,0,0,0,0,0,2,0,0,0,0,0,0,0,0,3,0,0,2.0,0,0,1
10,14.0,30.0708,1,1,0,0,0,0,0,0,0,0,0,0,0,0,0,0,0,0,2,0,0,0.0,0,0,1
11,4.0,16.7,1,1,0,0,0,0,0,0,0,1,0,0,0,0,0,0,0,0,3,0,0,2.0,0,0,1
12,58.0,26.55,1,0,0,0,0,0,0,0,0,0,0,0,0,0,0,0,0,0,1,0,0,2.0,0,0,1
15,14.0,7.8542,1,0,0,0,0,0,0,0,0,0,0,0,0,0,0,0,0,0,3,0,0,2.0,0,0,0
16,55.0,16.0,1,0,0,0,0,0,0,0,0,0,0,0,0,0,0,0,0,0,2,0,0,2.0,0,0,1
19,31.0,18.0,1,1,0,0,0,0,0,0,0,0,0,0,0,0,0,0,0,0,3,0,0,2.0,0,0,0
20,28.0,7.225,1,0,0,0,0,0,0,0,0,0,0,0,0,0,0,0,0,0,3,0,0,0.0,0,0,1
23,15.0,8.0292,1,0,0,0,0,0,0,0,0,0,0,0,0,0,0,0,0,0,3,0,0,1.0,0,0,1
25,8.0,21.075,1,3,0,0,0,0,0,0,0,1,0,0,0,0,0,0,0,0,3,0,0,2.0,0,0,0
26,38.0,31.3875,1,1,0,0,0,0,0,0,0,5,0,0,0,0,0,0,0,0,3,0,0,2.0,0,0,1
29,28.0,7.8792,1,0,0,0,0,0,0,0,0,0,0,0,0,0,0,0,0,0,3,0,0,1.0,0,0,1
32,28.0,146.5208,1,1,0,0,0,0,0,0,0,0,0,0,0,0,0,0,0,0,1,0,0,0.0,0,0,1
33,28.0,7.75,1,0,0,0,0,0,0,0,0,0,0,0,0,0,0,0,0,0,3,0,0,1.0,0,0,1
39,18.0,18.0,1,2,0,0,0,0,0,0,0,0,0,0,0,0,0,0,0,0,3,0,0,2.0,0,0,0
40,14.0,11.2417,1,1,0,0,0,0,0,0,0,0,0,0,0,0,0,0,0,0,3,0,0,0.0,0,0,1
41,40.0,9.475,1,1,0,0,0,0,0,0,0,0,0,0,0,0,0,0,0,0,3,0,0,2.0,0,0,0
42,27.0,21.0,1,1,0,0,0,0,0,0,0,0,0,0,0,0,0,0,0,0,2,0,0,2.0,0,0,0
44,3.0,41.5792,1,1,0,0,0,0,0,0,0,2,0,0,0,0,0,0,0,0,2,0,0,0.0,0,0,1
45,19.0,7.8792,1,0,0,0,0,0,0,0,0,0,0,0,0,0,0,0,0,0,3,0,0,1.0,0,0,1
48,28.0,7.75,1,0,0,0,0,0,0,0,0,0,0,0,0,0,0,0,0,0,3,0,0,1.0,0,0,1
50,18.0,17.8,1,1,0,0,0,0,0,0,0,0,0,0,0,0,0,0,0,0,3,0,0,2.0,0,0,0
53,49.0,76.7292,1,1,0,0,0,0,0,0,0,0,0,0,0,0,0,0,0,0,1,0,0,0.0,0,0,1
54,29.0,26.0,1,1,0,0,0,0,0,0,0,0,0,0,0,0,0,0,0,0,2,0,0,2.0,0,0,1
57,21.0,10.5,1,0,0,0,0,0,0,0,0,0,0,0,0,0,0,0,0,0,2,0,0,2.0,0,0,1
59,5.0,27.75,1,1,0,0,0,0,0,0,0,2,0,0,0,0,0,0,0,0,2,0,0,2.0,0,0,1
62,38.0,80.0,1,0,0,0,0,0,0,0,0,0,0,0,0,0,0,0,0,0,1,0,0,,0,0,1
67,29.0,10.5,1,0,0,0,0,0,0,0,0,0,0,0,0,0,0,0,0,0,2,0,0,2.0,0,0,1
69,17.0,7.925,1,4,0,0,0,0,0,0,0,2,0,0,0,0,0,0,0,0,3,0,0,2.0,0,0,1
72,16.0,46.9,1,5,0,0,0,0,0,0,0,2,0,0,0,0,0,0,0,0,3,0,0,2.0,0,0,0
80,30.0,12.475,1,0,0,0,0,0,0,0,0,0,0,0,0,0,0,0,0,0,3,0,0,2.0,0,0,1
83,28.0,7.7875,1,0,0,0,0,0,0,0,0,0,0,0,0,0,0,0,0,0,3,0,0,1.0,0,0,1
85,17.0,10.5,1,0,0,0,0,0,0,0,0,0,0,0,0,0,0,0,0,0,2,0,0,2.0,0,0,1
86,33.0,15.85,1,3,0,0,0,0,0,0,0,0,0,0,0,0,0,0,0,0,3,0,0,2.0,0,0,1
89,23.0,263.0,1,3,0,0,0,0,0,0,0,2,0,0,0,0,0,0,0,0,1,0,0,2.0,0,0,1
99,34.0,23.0,1,0,0,0,0,0,0,0,0,1,0,0,0,0,0,0,0,0,2,0,0,2.0,0,0,1
101,28.0,7.8958,1,0,0,0,0,0,0,0,0,0,0,0,0,0,0,0,0,0,3,0,0,2.0,0,0,0
107,21.0,7.65,1,0,0,0,0,0,0,0,0,0,0,0,0,0,0,0,0,0,3,0,0,2.0,0,0,1
110,28.0,24.15,1,1,0,0,0,0,0,0,0,0,0,0,0,0,0,0,0,0,3,0,0,1.0,0,0,1
112,14.5,14.4542,1,1,0,0,0,0,0,0,0,0,0,0,0,0,0,0,0,0,3,0,0,0.0,0,0,0
114,20.0,9.825,1,1,0,0,0,0,0,0,0,0,0,0,0,0,0,0,0,0,3,0,0,2.0,0,0,0
115,17.0,14.4583,1,0,0,0,0,0,0,0,0,0,0,0,0,0,0,0,0,0,3,0,0,0.0,0,0,0
120,2.0,31.275,1,4,0,0,0,0,0,0,0,2,0,0,0,0,0,0,0,0,3,0,0,2.0,0,0,0
124,32.5,13.0,1,0,0,0,0,0,0,0,0,0,0,0,0,0,0,0,0,0,2,0,0,2.0,0,0,1
129,28.0,22.3583,1,1,0,0,0,0,0,0,0,1,0,0,0,0,0,0,0,0,3,0,0,0.0,0,0,1
133,47.0,14.5,1,1,0,0,0,0,0,0,0,0,0,0,0,0,0,0,0,0,3,0,0,2.0,0,0,0
134,29.0,26.0,1,1,0,0,0,0,0,0,0,0,0,0,0,0,0,0,0,0,2,0,0,2.0,0,0,1
137,19.0,26.2833,1,0,0,0,0,0,0,0,0,2,0,0,0,0,0,0,0,0,1,0,0,2.0,0,0,1
141,28.0,15.2458,1,0,0,0,0,0,0,0,0,2,0,0,0,0,0,0,0,0,3,0,0,0.0,0,0,0
142,22.0,7.75,1,0,0,0,0,0,0,0,0,0,0,0,0,0,0,0,0,0,3,0,0,2.0,0,0,1
143,24.0,15.85,1,1,0,0,0,0,0,0,0,0,0,0,0,0,0,0,0,0,3,0,0,2.0,0,0,1
148,9.0,34.375,1,2,0,0,0,0,0,0,0,2,0,0,0,0,0,0,0,0,3,0,0,2.0,0,0,0
152,22.0,66.6,1,1,0,0,0,0,0,0,0,0,0,0,0,0,0,0,0,0,1,0,0,2.0,0,0,1
157,16.0,7.7333,1,0,0,0,0,0,0,0,0,0,0,0,0,0,0,0,0,0,3,0,0,1.0,0,0,1
162,40.0,15.75,1,0,0,0,0,0,0,0,0,0,0,0,0,0,0,0,0,0,2,0,0,2.0,0,0,1
167,28.0,55.0,1,0,0,0,0,0,0,0,0,1,0,0,0,0,0,0,0,0,1,0,0,2.0,0,0,1
168,45.0,27.9,1,1,0,0,0,0,0,0,0,4,0,0,0,0,0,0,0,0,3,0,0,2.0,0,0,0
173,1.0,11.1333,1,1,0,0,0,0,0,0,0,1,0,0,0,0,0,0,0,0,3,0,0,2.0,0,0,1
178,50.0,28.7125,1,0,0,0,0,0,0,0,0,0,0,0,0,0,0,0,0,0,1,0,0,0.0,0,0,0
181,28.0,69.55,1,8,0,0,0,0,0,0,0,2,0,0,0,0,0,0,0,0,3,0,0,2.0,0,0,0
185,4.0,22.025,1,0,0,0,0,0,0,0,0,2,0,0,0,0,0,0,0,0,3,0,0,2.0,0,0,1
187,28.0,15.5,1,1,0,0,0,0,0,0,0,0,0,0,0,0,0,0,0,0,3,0,0,1.0,0,0,1
191,32.0,13.0,1,0,0,0,0,0,0,0,0,0,0,0,0,0,0,0,0,0,2,0,0,2.0,0,0,1
193,19.0,7.8542,1,1,0,0,0,0,0,0,0,0,0,0,0,0,0,0,0,0,3,0,0,2.0,0,0,1
195,44.0,27.7208,1,0,0,0,0,0,0,0,0,0,0,0,0,0,0,0,0,0,1,0,0,0.0,0,0,1
196,58.0,146.5208,1,0,0,0,0,0,0,0,0,0,0,0,0,0,0,0,0,0,1,0,0,0.0,0,0,1
199,28.0,7.75,1,0,0,0,0,0,0,0,0,0,0,0,0,0,0,0,0,0,3,0,0,1.0,0,0,1
200,24.0,13.0,1,0,0,0,0,0,0,0,0,0,0,0,0,0,0,0,0,0,2,0,0,2.0,0,0,0
206,2.0,10.4625,1,0,0,0,0,0,0,0,0,1,0,0,0,0,0,0,0,0,3,0,0,2.0,0,0,0
209,16.0,7.75,1,0,0,0,0,0,0,0,0,0,0,0,0,0,0,0,0,0,3,0,0,1.0,0,0,1
212,35.0,21.0,1,0,0,0,0,0,0,0,0,0,0,0,0,0,0,0,0,0,2,0,0,2.0,0,0,1
216,31.0,113.275,1,1,0,0,0,0,0,0,0,0,0,0,0,0,0,0,0,0,1,0,0,0.0,0,0,1
217,27.0,7.925,1,0,0,0,0,0,0,0,0,0,0,0,0,0,0,0,0,0,3,0,0,2.0,0,0,1
219,32.0,76.2917,1,0,0,0,0,0,0,0,0,0,0,0,0,0,0,0,0,0,1,0,0,0.0,0,0,1
230,28.0,25.4667,1,3,0,0,0,0,0,0,0,1,0,0,0,0,0,0,0,0,3,0,0,2.0,0,0,0
231,35.0,83.475,1,1,0,0,0,0,0,0,0,0,0,0,0,0,0,0,0,0,1,0,0,2.0,0,0,1
234,5.0,31.3875,1,4,0,0,0,0,0,0,0,2,0,0,0,0,0,0,0,0,3,0,0,2.0,0,0,1
236,28.0,7.55,1,0,0,0,0,0,0,0,0,0,0,0,0,0,0,0,0,0,3,0,0,2.0,0,0,0
238,8.0,26.25,1,0,0,0,0,0,0,0,0,2,0,0,0,0,0,0,0,0,2,0,0,2.0,0,0,1
241,28.0,14.4542,1,1,0,0,0,0,0,0,0,0,0,0,0,0,0,0,0,0,3,0,0,0.0,0,0,0
242,28.0,15.5,1,1,0,0,0,0,0,0,0,0,0,0,0,0,0,0,0,0,3,0,0,1.0,0,0,1
247,25.0,7.775,1,0,0,0,0,0,0,0,0,0,0,0,0,0,0,0,0,0,3,0,0,2.0,0,0,0
248,24.0,14.5,1,0,0,0,0,0,0,0,0,2,0,0,0,0,0,0,0,0,2,0,0,2.0,0,0,1
252,29.0,10.4625,1,1,0,0,0,0,0,0,0,1,0,0,0,0,0,0,0,0,3,0,0,2.0,0,0,0
255,41.0,20.2125,1,0,0,0,0,0,0,0,0,2,0,0,0,0,0,0,0,0,3,0,0,2.0,0,0,0
256,29.0,15.2458,1,0,0,0,0,0,0,0,0,2,0,0,0,0,0,0,0,0,3,0,0,0.0,0,0,1
257,28.0,79.2,1,0,0,0,0,0,0,0,0,0,0,0,0,0,0,0,0,0,1,0,0,0.0,0,0,1
258,30.0,86.5,1,0,0,0,0,0,0,0,0,0,0,0,0,0,0,0,0,0,1,0,0,2.0,0,0,1
259,35.0,512.3292,1,0,0,0,0,0,0,0,0,0,0,0,0,0,0,0,0,0,1,0,0,0.0,0,0,1
260,50.0,26.0,1,0,0,0,0,0,0,0,0,1,0,0,0,0,0,0,0,0,2,0,0,2.0,0,0,1
265,28.0,7.75,1,0,0,0,0,0,0,0,0,0,0,0,0,0,0,0,0,0,3,0,0,1.0,0,0,0
269,58.0,153.4625,1,0,0,0,0,0,0,0,0,1,0,0,0,0,0,0,0,0,1,0,0,2.0,0,0,1
270,35.0,135.6333,1,0,0,0,0,0,0,0,0,0,0,0,0,0,0,0,0,0,1,0,0,2.0,0,0,1
273,41.0,19.5,1,0,0,0,0,0,0,0,0,1,0,0,0,0,0,0,0,0,2,0,0,2.0,0,0,1
275,28.0,7.75,1,0,0,0,0,0,0,0,0,0,0,0,0,0,0,0,0,0,3,0,0,1.0,0,0,1
276,63.0,77.9583,1,1,0,0,0,0,0,0,0,0,0,0,0,0,0,0,0,0,1,0,0,2.0,0,0,1
277,45.0,7.75,1,0,0,0,0,0,0,0,0,0,0,0,0,0,0,0,0,0,3,0,0,2.0,0,0,0
280,35.0,20.25,1,1,0,0,0,0,0,0,0,1,0,0,0,0,0,0,0,0,3,0,0,2.0,0,0,1
290,22.0,7.75,1,0,0,0,0,0,0,0,0,0,0,0,0,0,0,0,0,0,3,0,0,1.0,0,0,1
291,26.0,78.85,1,0,0,0,0,0,0,0,0,0,0,0,0,0,0,0,0,0,1,0,0,2.0,0,0,1
292,19.0,91.0792,1,1,0,0,0,0,0,0,0,0,0,0,0,0,0,0,0,0,1,0,0,0.0,0,0,1
294,24.0,8.85,1,0,0,0,0,0,0,0,0,0,0,0,0,0,0,0,0,0,3,0,0,2.0,0,0,0
298,2.0,151.55,1,1,0,0,0,0,0,0,0,2,0,0,0,0,0,0,0,0,1,0,0,2.0,0,0,0
300,50.0,247.5208,1,0,0,0,0,0,0,0,0,1,0,0,0,0,0,0,0,0,1,0,0,0.0,0,0,1
301,28.0,7.75,1,0,0,0,0,0,0,0,0,0,0,0,0,0,0,0,0,0,3,0,0,1.0,0,0,1
304,28.0,12.35,1,0,0,0,0,0,0,0,0,0,0,0,0,0,0,0,0,0,2,0,0,1.0,0,0,1
307,28.0,110.8833,1,0,0,0,0,0,0,0,0,0,0,0,0,0,0,0,0,0,1,0,0,0.0,0,0,1
308,17.0,108.9,1,1,0,0,0,0,0,0,0,0,0,0,0,0,0,0,0,0,1,0,0,0.0,0,0,1
310,30.0,56.9292,1,0,0,0,0,0,0,0,0,0,0,0,0,0,0,0,0,0,1,0,0,0.0,0,0,1
311,24.0,83.1583,1,0,0,0,0,0,0,0,0,0,0,0,0,0,0,0,0,0,1,0,0,0.0,0,0,1
312,18.0,262.375,1,2,0,0,0,0,0,0,0,2,0,0,0,0,0,0,0,0,1,0,0,0.0,0,0,1
313,26.0,26.0,1,1,0,0,0,0,0,0,0,1,0,0,0,0,0,0,0,0,2,0,0,2.0,0,0,0
316,26.0,7.8542,1,0,0,0,0,0,0,0,0,0,0,0,0,0,0,0,0,0,3,0,0,2.0,0,0,1
317,24.0,26.0,1,1,0,0,0,0,0,0,0,0,0,0,0,0,0,0,0,0,2,0,0,2.0,0,0,1
319,31.0,164.8667,1,0,0,0,0,0,0,0,0,2,0,0,0,0,0,0,0,0,1,0,0,2.0,0,0,1
320,40.0,134.5,1,1,0,0,0,0,0,0,0,1,0,0,0,0,0,0,0,0,1,0,0,0.0,0,0,1
323,30.0,12.35,1,0,0,0,0,0,0,0,0,0,0,0,0,0,0,0,0,0,2,0,0,1.0,0,0,1
324,22.0,29.0,1,1,0,0,0,0,0,0,0,1,0,0,0,0,0,0,0,0,2,0,0,2.0,0,0,1
326,36.0,135.6333,1,0,0,0,0,0,0,0,0,0,0,0,0,0,0,0,0,0,1,0,0,0.0,0,0,1
328,36.0,13.0,1,0,0,0,0,0,0,0,0,0,0,0,0,0,0,0,0,0,2,0,0,2.0,0,0,1
329,31.0,20.525,1,1,0,0,0,0,0,0,0,1,0,0,0,0,0,0,0,0,3,0,0,2.0,0,0,1
330,16.0,57.9792,1,0,0,0,0,0,0,0,0,1,0,0,0,0,0,0,0,0,1,0,0,0.0,0,0,1
331,28.0,23.25,1,2,0,0,0,0,0,0,0,0,0,0,0,0,0,0,0,0,3,0,0,1.0,0,0,1
335,28.0,133.65,1,1,0,0,0,0,0,0,0,0,0,0,0,0,0,0,0,0,1,0,0,2.0,0,0,1
338,41.0,134.5,1,0,0,0,0,0,0,0,0,0,0,0,0,0,0,0,0,0,1,0,0,0.0,0,0,1
342,24.0,263.0,1,3,0,0,0,0,0,0,0,2,0,0,0,0,0,0,0,0,1,0,0,2.0,0,0,1
346,24.0,13.0,1,0,0,0,0,0,0,0,0,0,0,0,0,0,0,0,0,0,2,0,0,2.0,0,0,1
347,40.0,13.0,1,0,0,0,0,0,0,0,0,0,0,0,0,0,0,0,0,0,2,0,0,2.0,0,0,1
348,28.0,16.1,1,1,0,0,0,0,0,0,0,0,0,0,0,0,0,0,0,0,3,0,0,2.0,0,0,1
357,22.0,55.0,1,0,0,0,0,0,0,0,0,1,0,0,0,0,0,0,0,0,1,0,0,2.0,0,0,1
358,38.0,13.0,1,0,0,0,0,0,0,0,0,0,0,0,0,0,0,0,0,0,2,0,0,2.0,0,0,0
359,28.0,7.8792,1,0,0,0,0,0,0,0,0,0,0,0,0,0,0,0,0,0,3,0,0,1.0,0,0,1
360,28.0,7.8792,1,0,0,0,0,0,0,0,0,0,0,0,0,0,0,0,0,0,3,0,0,1.0,0,0,1
363,45.0,14.4542,1,0,0,0,0,0,0,0,0,1,0,0,0,0,0,0,0,0,3,0,0,0.0,0,0,0
367,60.0,75.25,1,1,0,0,0,0,0,0,0,0,0,0,0,0,0,0,0,0,1,0,0,0.0,0,0,1
368,28.0,7.2292,1,0,0,0,0,0,0,0,0,0,0,0,0,0,0,0,0,0,3,0,0,0.0,0,0,1
369,28.0,7.75,1,0,0,0,0,0,0,0,0,0,0,0,0,0,0,0,0,0,3,0,0,1.0,0,0,1
370,24.0,69.3,1,0,0,0,0,0,0,0,0,0,0,0,0,0,0,0,0,0,1,0,0,0.0,0,0,1
375,3.0,21.075,1,3,0,0,0,0,0,0,0,1,0,0,0,0,0,0,0,0,3,0,0,2.0,0,0,0
376,28.0,82.1708,1,1,0,0,0,0,0,0,0,0,0,0,0,0,0,0,0,0,1,0,0,0.0,0,0,1
377,22.0,7.25,1,0,0,0,0,0,0,0,0,0,0,0,0,0,0,0,0,0,3,0,0,2.0,0,0,1
381,42.0,227.525,1,0,0,0,0,0,0,0,0,0,0,0,0,0,0,0,0,0,1,0,0,0.0,0,0,1
382,1.0,15.7417,1,0,0,0,0,0,0,0,0,2,0,0,0,0,0,0,0,0,3,0,0,0.0,0,0,1
384,35.0,52.0,1,1,0,0,0,0,0,0,0,0,0,0,0,0,0,0,0,0,1,0,0,2.0,0,0,1
388,36.0,13.0,1,0,0,0,0,0,0,0,0,0,0,0,0,0,0,0,0,0,2,0,0,2.0,0,0,1
390,17.0,12.0,1,0,0,0,0,0,0,0,0,0,0,0,0,0,0,0,0,0,2,0,0,0.0,0,0,1
394,23.0,113.275,1,1,0,0,0,0,0,0,0,0,0,0,0,0,0,0,0,0,1,0,0,0.0,0,0,1
395,24.0,16.7,1,0,0,0,0,0,0,0,0,2,0,0,0,0,0,0,0,0,3,0,0,2.0,0,0,1
397,31.0,7.8542,1,0,0,0,0,0,0,0,0,0,0,0,0,0,0,0,0,0,3,0,0,2.0,0,0,0
400,28.0,12.65,1,0,0,0,0,0,0,0,0,0,0,0,0,0,0,0,0,0,2,0,0,2.0,0,0,1
403,21.0,9.825,1,1,0,0,0,0,0,0,0,0,0,0,0,0,0,0,0,0,3,0,0,2.0,0,0,0
405,20.0,8.6625,1,0,0,0,0,0,0,0,0,0,0,0,0,0,0,0,0,0,3,0,0,2.0,0,0,0
410,28.0,25.4667,1,3,0,0,0,0,0,0,0,1,0,0,0,0,0,0,0,0,3,0,0,2.0,0,0,0
413,33.0,90.0,1,1,0,0,0,0,0,0,0,0,0,0,0,0,0,0,0,0,1,0,0,1.0,0,0,1
416,28.0,8.05,1,0,0,0,0,0,0,0,0,0,0,0,0,0,0,0,0,0,3,0,0,2.0,0,0,0
417,34.0,32.5,1,1,0,0,0,0,0,0,0,1,0,0,0,0,0,0,0,0,2,0,0,2.0,0,0,1
418,18.0,13.0,1,0,0,0,0,0,0,0,0,2,0,0,0,0,0,0,0,0,2,0,0,2.0,0,0,1
420,10.0,24.15,1,0,0,0,0,0,0,0,0,2,0,0,0,0,0,0,0,0,3,0,0,2.0,0,0,0
424,28.0,14.4,1,1,0,0,0,0,0,0,0,1,0,0,0,0,0,0,0,0,3,0,0,2.0,0,0,0
427,28.0,26.0,1,1,0,0,0,0,0,0,0,0,0,0,0,0,0,0,0,0,2,0,0,2.0,0,0,1
428,19.0,26.0,1,0,0,0,0,0,0,0,0,0,0,0,0,0,0,0,0,0,2,0,0,2.0,0,0,1
432,28.0,16.1,1,1,0,0,0,0,0,0,0,0,0,0,0,0,0,0,0,0,3,0,0,2.0,0,0,1
433,42.0,26.0,1,1,0,0,0,0,0,0,0,0,0,0,0,0,0,0,0,0,2,0,0,2.0,0,0,1
436,14.0,120.0,1,1,0,0,0,0,0,0,0,2,0,0,0,0,0,0,0,0,1,0,0,2.0,0,0,1
437,21.0,34.375,1,2,0,0,0,0,0,0,0,2,0,0,0,0,0,0,0,0,3,0,0,2.0,0,0,0
438,24.0,18.75,1,2,0,0,0,0,0,0,0,3,0,0,0,0,0,0,0,0,2,0,0,2.0,0,0,1
441,45.0,26.25,1,1,0,0,0,0,0,0,0,1,0,0,0,0,0,0,0,0,2,0,0,2.0,0,0,1
444,28.0,13.0,1,0,0,0,0,0,0,0,0,0,0,0,0,0,0,0,0,0,2,0,0,2.0,0,0,1
447,13.0,19.5,1,0,0,0,0,0,0,0,0,1,0,0,0,0,0,0,0,0,2,0,0,2.0,0,0,1
449,5.0,19.2583,1,2,0,0,0,0,0,0,0,1,0,0,0,0,0,0,0,0,3,0,0,0.0,0,0,1
458,28.0,51.8625,1,1,0,0,0,0,0,0,0,0,0,0,0,0,0,0,0,0,1,0,0,2.0,0,0,1
459,50.0,10.5,1,0,0,0,0,0,0,0,0,0,0,0,0,0,0,0,0,0,2,0,0,2.0,0,0,1
470,0.75,19.2583,1,2,0,0,0,0,0,0,0,1,0,0,0,0,0,0,0,0,3,0,0,0.0,0,0,1
473,33.0,27.75,1,1,0,0,0,0,0,0,0,2,0,0,0,0,0,0,0,0,2,0,0,2.0,0,0,1
474,23.0,13.7917,1,0,0,0,0,0,0,0,0,0,0,0,0,0,0,0,0,0,2,0,0,0.0,0,0,1
475,22.0,9.8375,1,0,0,0,0,0,0,0,0,0,0,0,0,0,0,0,0,0,3,0,0,2.0,0,0,0
480,2.0,12.2875,1,0,0,0,0,0,0,0,0,1,0,0,0,0,0,0,0,0,3,0,0,2.0,0,0,1
484,63.0,9.5875,1,0,0,0,0,0,0,0,0,0,0,0,0,0,0,0,0,0,3,0,0,2.0,0,0,1
486,28.0,25.4667,1,3,0,0,0,0,0,0,0,1,0,0,0,0,0,0,0,0,3,0,0,2.0,0,0,0
487,35.0,90.0,1,1,0,0,0,0,0,0,0,0,0,0,0,0,0,0,0,0,1,0,0,2.0,0,0,1
497,54.0,78.2667,1,1,0,0,0,0,0,0,0,0,0,0,0,0,0,0,0,0,1,0,0,0.0,0,0,1
499,25.0,151.55,1,1,0,0,0,0,0,0,0,2,0,0,0,0,0,0,0,0,1,0,0,2.0,0,0,0
502,21.0,7.75,1,0,0,0,0,0,0,0,0,0,0,0,0,0,0,0,0,0,3,0,0,1.0,0,0,0
503,28.0,7.6292,1,0,0,0,0,0,0,0,0,0,0,0,0,0,0,0,0,0,3,0,0,1.0,0,0,0
504,37.0,9.5875,1,0,0,0,0,0,0,0,0,0,0,0,0,0,0,0,0,0,3,0,0,2.0,0,0,0
505,16.0,86.5,1,0,0,0,0,0,0,0,0,0,0,0,0,0,0,0,0,0,1,0,0,2.0,0,0,1
507,33.0,26.0,1,0,0,0,0,0,0,0,0,2,0,0,0,0,0,0,0,0,2,0,0,2.0,0,0,1
514,54.0,59.4,1,1,0,0,0,0,0,0,0,0,0,0,0,0,0,0,0,0,1,0,0,0.0,0,0,1
517,34.0,10.5,1,0,0,0,0,0,0,0,0,0,0,0,0,0,0,0,0,0,2,0,0,2.0,0,0,1
519,36.0,26.0,1,1,0,0,0,0,0,0,0,0,0,0,0,0,0,0,0,0,2,0,0,2.0,0,0,1
521,30.0,93.5,1,0,0,0,0,0,0,0,0,0,0,0,0,0,0,0,0,0,1,0,0,2.0,0,0,1
524,44.0,57.9792,1,0,0,0,0,0,0,0,0,1,0,0,0,0,0,0,0,0,1,0,0,0.0,0,0,1
527,50.0,10.5,1,0,0,0,0,0,0,0,0,0,0,0,0,0,0,0,0,0,2,0,0,2.0,0,0,1
531,2.0,26.0,1,1,0,0,0,0,0,0,0,1,0,0,0,0,0,0,0,0,2,0,0,2.0,0,0,1
534,28.0,22.3583,1,0,0,0,0,0,0,0,0,2,0,0,0,0,0,0,0,0,3,0,0,0.0,0,0,1
535,30.0,8.6625,1,0,0,0,0,0,0,0,0,0,0,0,0,0,0,0,0,0,3,0,0,2.0,0,0,0
536,7.0,26.25,1,0,0,0,0,0,0,0,0,2,0,0,0,0,0,0,0,0,2,0,0,2.0,0,0,1
538,30.0,106.425,1,0,0,0,0,0,0,0,0,0,0,0,0,0,0,0,0,0,1,0,0,0.0,0,0,1
540,22.0,49.5,1,0,0,0,0,0,0,0,0,2,0,0,0,0,0,0,0,0,1,0,0,0.0,0,0,1
541,36.0,71.0,1,0,0,0,0,0,0,0,0,2,0,0,0,0,0,0,0,0,1,0,0,2.0,0,0,1
542,9.0,31.275,1,4,0,0,0,0,0,0,0,2,0,0,0,0,0,0,0,0,3,0,0,2.0,0,0,0
543,11.0,31.275,1,4,0,0,0,0,0,0,0,2,0,0,0,0,0,0,0,0,3,0,0,2.0,0,0,0
547,19.0,26.0,1,1,0,0,0,0,0,0,0,0,0,0,0,0,0,0,0,0,2,0,0,2.0,0,0,1
555,22.0,7.775,1,0,0,0,0,0,0,0,0,0,0,0,0,0,0,0,0,0,3,0,0,2.0,0,0,1
557,48.0,39.6,1,1,0,0,0,0,0,0,0,0,0,0,0,0,0,0,0,0,1,0,0,0.0,0,0,1
559,39.0,79.65,1,1,0,0,0,0,0,0,0,1,0,0,0,0,0,0,0,0,1,0,0,2.0,0,0,1
560,36.0,17.4,1,1,0,0,0,0,0,0,0,0,0,0,0,0,0,0,0,0,3,0,0,2.0,0,0,1
565,28.0,8.05,1,0,0,0,0,0,0,0,0,0,0,0,0,0,0,0,0,0,3,0,0,2.0,0,0,0
568,29.0,21.075,1,0,0,0,0,0,0,0,0,4,0,0,0,0,0,0,0,0,3,0,0,2.0,0,0,0
572,53.0,51.4792,1,2,0,0,0,0,0,0,0,0,0,0,0,0,0,0,0,0,1,0,0,2.0,0,0,1
574,28.0,7.75,1,0,0,0,0,0,0,0,0,0,0,0,0,0,0,0,0,0,3,0,0,1.0,0,0,1
577,34.0,13.0,1,0,0,0,0,0,0,0,0,0,0,0,0,0,0,0,0,0,2,0,0,2.0,0,0,1
578,39.0,55.9,1,1,0,0,0,0,0,0,0,0,0,0,0,0,0,0,0,0,1,0,0,2.0,0,0,1
579,28.0,14.4583,1,1,0,0,0,0,0,0,0,0,0,0,0,0,0,0,0,0,3,0,0,0.0,0,0,0
581,25.0,30.0,1,1,0,0,0,0,0,0,0,1,0,0,0,0,0,0,0,0,2,0,0,2.0,0,0,1
582,39.0,110.8833,1,1,0,0,0,0,0,0,0,1,0,0,0,0,0,0,0,0,1,0,0,0.0,0,0,1
586,18.0,79.65,1,0,0,0,0,0,0,0,0,2,0,0,0,0,0,0,0,0,1,0,0,2.0,0,0,1
592,52.0,78.2667,1,1,0,0,0,0,0,0,0,0,0,0,0,0,0,0,0,0,1,0,0,0.0,0,0,1
594,28.0,7.75,1,0,0,0,0,0,0,0,0,2,0,0,0,0,0,0,0,0,3,0,0,1.0,0,0,0
597,28.0,33.0,1,0,0,0,0,0,0,0,0,0,0,0,0,0,0,0,0,0,2,0,0,2.0,0,0,1
601,24.0,27.0,1,2,0,0,0,0,0,0,0,1,0,0,0,0,0,0,0,0,2,0,0,2.0,0,0,1
609,22.0,41.5792,1,1,0,0,0,0,0,0,0,2,0,0,0,0,0,0,0,0,2,0,0,0.0,0,0,1
610,40.0,153.4625,1,0,0,0,0,0,0,0,0,0,0,0,0,0,0,0,0,0,1,0,0,2.0,0,0,1
611,39.0,31.275,1,1,0,0,0,0,0,0,0,5,0,0,0,0,0,0,0,0,3,0,0,2.0,0,0,0
613,28.0,15.5,1,1,0,0,0,0,0,0,0,0,0,0,0,0,0,0,0,0,3,0,0,1.0,0,0,1
616,24.0,65.0,1,1,0,0,0,0,0,0,0,2,0,0,0,0,0,0,0,0,2,0,0,2.0,0,0,1
618,26.0,16.1,1,1,0,0,0,0,0,0,0,0,0,0,0,0,0,0,0,0,3,0,0,2.0,0,0,0
619,4.0,39.0,1,2,0,0,0,0,0,0,0,1,0,0,0,0,0,0,0,0,2,0,0,2.0,0,0,1
628,21.0,77.9583,1,0,0,0,0,0,0,0,0,0,0,0,0,0,0,0,0,0,1,0,0,2.0,0,0,1
635,9.0,27.9,1,3,0,0,0,0,0,0,0,2,0,0,0,0,0,0,0,0,3,0,0,2.0,0,0,0
636,28.0,13.0,1,0,0,0,0,0,0,0,0,0,0,0,0,0,0,0,0,0,2,0,0,2.0,0,0,1
639,41.0,39.6875,1,0,0,0,0,0,0,0,0,5,0,0,0,0,0,0,0,0,3,0,0,2.0,0,0,0
642,24.0,69.3,1,0,0,0,0,0,0,0,0,0,0,0,0,0,0,0,0,0,1,0,0,0.0,0,0,1
643,2.0,27.9,1,3,0,0,0,0,0,0,0,2,0,0,0,0,0,0,0,0,3,0,0,2.0,0,0,0
645,0.75,19.2583,1,2,0,0,0,0,0,0,0,1,0,0,0,0,0,0,0,0,3,0,0,0.0,0,0,1
650,23.0,7.55,1,0,0,0,0,0,0,0,0,0,0,0,0,0,0,0,0,0,3,0,0,2.0,0,0,1
652,18.0,23.0,1,0,0,0,0,0,0,0,0,1,0,0,0,0,0,0,0,0,2,0,0,2.0,0,0,1
654,28.0,7.8292,1,0,0,0,0,0,0,0,0,0,0,0,0,0,0,0,0,0,3,0,0,1.0,0,0,1
655,18.0,6.75,1,0,0,0,0,0,0,0,0,0,0,0,0,0,0,0,0,0,3,0,0,1.0,0,0,0
658,32.0,15.5,1,1,0,0,0,0,0,0,0,1,0,0,0,0,0,0,0,0,3,0,0,1.0,0,0,0
670,28.0,52.0,1,1,0,0,0,0,0,0,0,0,0,0,0,0,0,0,0,0,1,0,0,2.0,0,0,1
671,40.0,39.0,1,1,0,0,0,0,0,0,0,1,0,0,0,0,0,0,0,0,2,0,0,2.0,0,0,1
678,18.0,9.8417,1,0,0,0,0,0,0,0,0,0,0,0,0,0,0,0,0,0,3,0,0,2.0,0,0,1
679,43.0,46.9,1,1,0,0,0,0,0,0,0,6,0,0,0,0,0,0,0,0,3,0,0,2.0,0,0,0
681,28.0,8.1375,1,0,0,0,0,0,0,0,0,0,0,0,0,0,0,0,0,0,3,0,0,1.0,0,0,0
690,15.0,211.3375,1,0,0,0,0,0,0,0,0,1,0,0,0,0,0,0,0,0,1,0,0,2.0,0,0,1
692,4.0,13.4167,1,0,0,0,0,0,0,0,0,1,0,0,0,0,0,0,0,0,3,0,0,0.0,0,0,1
698,28.0,7.7333,1,0,0,0,0,0,0,0,0,0,0,0,0,0,0,0,0,0,3,0,0,1.0,0,0,1
701,18.0,227.525,1,1,0,0,0,0,0,0,0,0,0,0,0,0,0,0,0,0,1,0,0,0.0,0,0,1
703,18.0,14.4542,1,0,0,0,0,0,0,0,0,1,0,0,0,0,0,0,0,0,3,0,0,0.0,0,0,0
707,45.0,13.5,1,0,0,0,0,0,0,0,0,0,0,0,0,0,0,0,0,0,2,0,0,2.0,0,0,1
709,22.0,151.55,1,0,0,0,0,0,0,0,0,0,0,0,0,0,0,0,0,0,1,0,0,2.0,0,0,1
711,24.0,49.5042,1,0,0,0,0,0,0,0,0,0,0,0,0,0,0,0,0,0,1,0,0,0.0,0,0,1
717,38.0,227.525,1,0,0,0,0,0,0,0,0,0,0,0,0,0,0,0,0,0,1,0,0,0.0,0,0,1
718,27.0,10.5,1,0,0,0,0,0,0,0,0,0,0,0,0,0,0,0,0,0,2,0,0,2.0,0,0,1
721,6.0,33.0,1,0,0,0,0,0,0,0,0,1,0,0,0,0,0,0,0,0,2,0,0,2.0,0,0,1
727,30.0,21.0,1,3,0,0,0,0,0,0,0,0,0,0,0,0,0,0,0,0,2,0,0,2.0,0,0,1
728,28.0,7.7375,1,0,0,0,0,0,0,0,0,0,0,0,0,0,0,0,0,0,3,0,0,1.0,0,0,1
730,25.0,7.925,1,1,0,0,0,0,0,0,0,0,0,0,0,0,0,0,0,0,3,0,0,2.0,0,0,0
731,29.0,211.3375,1,0,0,0,0,0,0,0,0,0,0,0,0,0,0,0,0,0,1,0,0,2.0,0,0,1
737,48.0,34.375,1,1,0,0,0,0,0,0,0,3,0,0,0,0,0,0,0,0,3,0,0,2.0,0,0,0
743,21.0,262.375,1,2,0,0,0,0,0,0,0,2,0,0,0,0,0,0,0,0,1,0,0,0.0,0,0,1
748,30.0,13.0,1,0,0,0,0,0,0,0,0,0,0,0,0,0,0,0,0,0,2,0,0,2.0,0,0,1
751,4.0,23.0,1,1,0,0,0,0,0,0,0,1,0,0,0,0,0,0,0,0,2,0,0,2.0,0,0,1
755,48.0,65.0,1,1,0,0,0,0,0,0,0,2,0,0,0,0,0,0,0,0,2,0,0,2.0,0,0,1
760,33.0,86.5,1,0,0,0,0,0,0,0,0,0,0,0,0,0,0,0,0,0,1,0,0,2.0,0,0,1
764,36.0,120.0,1,1,0,0,0,0,0,0,0,2,0,0,0,0,0,0,0,0,1,0,0,2.0,0,0,1
766,51.0,77.9583,1,1,0,0,0,0,0,0,0,0,0,0,0,0,0,0,0,0,1,0,0,2.0,0,0,1
768,30.5,7.75,1,0,0,0,0,0,0,0,0,0,0,0,0,0,0,0,0,0,3,0,0,1.0,0,0,0
773,57.0,10.5,1,0,0,0,0,0,0,0,0,0,0,0,0,0,0,0,0,0,2,0,0,2.0,0,0,0
775,54.0,23.0,1,1,0,0,0,0,0,0,0,3,0,0,0,0,0,0,0,0,2,0,0,2.0,0,0,1
778,5.0,12.475,1,0,0,0,0,0,0,0,0,0,0,0,0,0,0,0,0,0,3,0,0,2.0,0,0,1
780,43.0,211.3375,1,0,0,0,0,0,0,0,0,1,0,0,0,0,0,0,0,0,1,0,0,2.0,0,0,1
781,13.0,7.2292,1,0,0,0,0,0,0,0,0,0,0,0,0,0,0,0,0,0,3,0,0,0.0,0,0,1
782,17.0,57.0,1,1,0,0,0,0,0,0,0,0,0,0,0,0,0,0,0,0,1,0,0,2.0,0,0,1
787,18.0,7.4958,1,0,0,0,0,0,0,0,0,0,0,0,0,0,0,0,0,0,3,0,0,2.0,0,0,1
793,28.0,69.55,1,8,0,0,0,0,0,0,0,2,0,0,0,0,0,0,0,0,3,0,0,2.0,0,0,0
797,49.0,25.9292,1,0,0,0,0,0,0,0,0,0,0,0,0,0,0,0,0,0,1,0,0,2.0,0,0,1
798,31.0,8.6833,1,0,0,0,0,0,0,0,0,0,0,0,0,0,0,0,0,0,3,0,0,2.0,0,0,1
800,30.0,24.15,1,1,0,0,0,0,0,0,0,1,0,0,0,0,0,0,0,0,3,0,0,2.0,0,0,0
802,31.0,26.25,1,1,0,0,0,0,0,0,0,1,0,0,0,0,0,0,0,0,2,0,0,2.0,0,0,1
808,18.0,7.775,1,0,0,0,0,0,0,0,0,0,0,0,0,0,0,0,0,0,3,0,0,2.0,0,0,0
810,33.0,53.1,1,1,0,0,0,0,0,0,0,0,0,0,0,0,0,0,0,0,1,0,0,2.0,0,0,1
814,6.0,31.275,1,4,0,0,0,0,0,0,0,2,0,0,0,0,0,0,0,0,3,0,0,2.0,0,0,0
817,23.0,7.925,1,0,0,0,0,0,0,0,0,0,0,0,0,0,0,0,0,0,3,0,0,2.0,0,0,0
821,52.0,93.5,1,1,0,0,0,0,0,0,0,1,0,0,0,0,0,0,0,0,1,0,0,2.0,0,0,1
824,27.0,12.475,1,0,0,0,0,0,0,0,0,1,0,0,0,0,0,0,0,0,3,0,0,2.0,0,0,1
830,62.0,80.0,1,0,0,0,0,0,0,0,0,0,0,0,0,0,0,0,0,0,1,0,0,,0,0,1
831,15.0,14.4542,1,1,0,0,0,0,0,0,0,0,0,0,0,0,0,0,0,0,3,0,0,0.0,0,0,1
836,39.0,83.1583,1,1,0,0,0,0,0,0,0,1,0,0,0,0,0,0,0,0,1,0,0,0.0,0,0,1
843,30.0,31.0,1,0,0,0,0,0,0,0,0,0,0,0,0,0,0,0,0,0,1,0,0,0.0,0,0,1
850,28.0,89.1042,1,1,0,0,0,0,0,0,0,0,0,0,0,0,0,0,0,0,1,0,0,0.0,0,0,1
853,9.0,15.2458,1,1,0,0,0,0,0,0,0,1,0,0,0,0,0,0,0,0,3,0,0,0.0,0,0,0
854,16.0,39.4,1,0,0,0,0,0,0,0,0,1,0,0,0,0,0,0,0,0,1,0,0,2.0,0,0,1
855,44.0,26.0,1,1,0,0,0,0,0,0,0,0,0,0,0,0,0,0,0,0,2,0,0,2.0,0,0,0
856,18.0,9.35,1,0,0,0,0,0,0,0,0,1,0,0,0,0,0,0,0,0,3,0,0,2.0,0,0,1
857,45.0,164.8667,1,1,0,0,0,0,0,0,0,1,0,0,0,0,0,0,0,0,1,0,0,2.0,0,0,1
859,24.0,19.2583,1,0,0,0,0,0,0,0,0,3,0,0,0,0,0,0,0,0,3,0,0,0.0,0,0,1
863,48.0,25.9292,1,0,0,0,0,0,0,0,0,0,0,0,0,0,0,0,0,0,1,0,0,2.0,0,0,1
864,28.0,69.55,1,8,0,0,0,0,0,0,0,2,0,0,0,0,0,0,0,0,3,0,0,2.0,0,0,0
866,42.0,13.0,1,0,0,0,0,0,0,0,0,0,0,0,0,0,0,0,0,0,2,0,0,2.0,0,0,1
867,27.0,13.8583,1,1,0,0,0,0,0,0,0,0,0,0,0,0,0,0,0,0,2,0,0,0.0,0,0,1
872,47.0,52.5542,1,1,0,0,0,0,0,0,0,1,0,0,0,0,0,0,0,0,1,0,0,2.0,0,0,1
875,28.0,24.0,1,1,0,0,0,0,0,0,0,0,0,0,0,0,0,0,0,0,2,0,0,0.0,0,0,1
876,15.0,7.225,1,0,0,0,0,0,0,0,0,0,0,0,0,0,0,0,0,0,3,0,0,0.0,0,0,1
880,56.0,83.1583,1,0,0,0,0,0,0,0,0,1,0,0,0,0,0,0,0,0,1,0,0,0.0,0,0,1
881,25.0,26.0,1,0,0,0,0,0,0,0,0,1,0,0,0,0,0,0,0,0,2,0,0,2.0,0,0,1
883,22.0,10.5167,1,0,0,0,0,0,0,0,0,0,0,0,0,0,0,0,0,0,3,0,0,2.0,0,0,0
886,39.0,29.125,1,0,0,0,0,0,0,0,0,5,0,0,0,0,0,0,0,0,3,0,0,1.0,0,0,0
888,19.0,30.0,1,0,0,0,0,0,0,0,0,0,0,0,0,0,0,0,0,0,1,0,0,2.0,0,0,1
889,28.0,23.45,1,1,0,0,0,0,0,0,0,2,0,0,0,0,0,0,0,0,3,0,0,2.0,0,0,0
893,47.0,7.0,1,1,0,0,0,0,0,0,0,0,0,0,0,0,0,0,0,0,3,0,0,2.0,0,0,0
896,22.0,12.2875,1,1,0,0,0,0,0,0,0,1,0,0,0,0,0,0,0,0,3,0,0,2.0,0,0,0
898,30.0,7.6292,1,0,0,0,0,0,0,0,0,0,0,0,0,0,0,0,0,0,3,0,0,1.0,0,0,0
900,18.0,7.2292,1,0,0,0,0,0,0,0,0,0,0,0,0,0,0,0,0,0,3,0,0,0.0,0,0,0
904,23.0,82.2667,1,1,0,0,0,0,0,0,0,0,0,0,0,0,0,0,0,0,1,0,0,2.0,0,0,0
906,47.0,61.175,1,1,0,0,0,0,0,0,0,0,0,0,0,0,0,0,0,0,1,0,0,2.0,0,0,0
907,24.0,27.7208,1,1,0,0,0,0,0,0,0,0,0,0,0,0,0,0,0,0,2,0,0,0.0,0,0,0
910,27.0,7.925,1,1,0,0,0,0,0,0,0,0,0,0,0,0,0,0,0,0,3,0,0,2.0,0,0,0
911,45.0,7.225,1,0,0,0,0,0,0,0,0,0,0,0,0,0,0,0,0,0,3,0,0,0.0,0,0,0
914,28.0,31.6833,1,0,0,0,0,0,0,0,0,0,0,0,0,0,0,0,0,0,1,0,0,2.0,0,0,0
916,48.0,262.375,1,1,0,0,0,0,0,0,0,3,0,0,0,0,0,0,0,0,1,0,0,0.0,0,0,0
918,22.0,61.9792,1,0,0,0,0,0,0,0,0,1,0,0,0,0,0,0,0,0,1,0,0,0.0,0,0,0
924,33.0,20.575,1,1,0,0,0,0,0,0,0,2,0,0,0,0,0,0,0,0,3,0,0,2.0,0,0,0
925,28.0,23.45,1,1,0,0,0,0,0,0,0,2,0,0,0,0,0,0,0,0,3,0,0,2.0,0,0,0
928,28.0,8.05,1,0,0,0,0,0,0,0,0,0,0,0,0,0,0,0,0,0,3,0,0,2.0,0,0,0
929,21.0,8.6625,1,0,0,0,0,0,0,0,0,0,0,0,0,0,0,0,0,0,3,0,0,2.0,0,0,0
935,30.0,13.0,1,0,0,0,0,0,0,0,0,0,0,0,0,0,0,0,0,0,2,0,0,2.0,0,0,0
936,45.0,52.5542,1,1,0,0,0,0,0,0,0,0,0,0,0,0,0,0,0,0,1,0,0,2.0,0,0,0
940,60.0,76.2917,1,0,0,0,0,0,0,0,0,0,0,0,0,0,0,0,0,0,1,0,0,0.0,0,0,0
941,36.0,15.9,1,0,0,0,0,0,0,0,0,2,0,0,0,0,0,0,0,0,3,0,0,2.0,0,0,0
944,20.0,23.0,1,2,0,0,0,0,0,0,0,1,0,0,0,0,0,0,0,0,2,0,0,2.0,0,0,0
945,28.0,263.0,1,3,0,0,0,0,0,0,0,2,0,0,0,0,0,0,0,0,1,0,0,2.0,0,0,0
951,36.0,262.375,1,0,0,0,0,0,0,0,0,0,0,0,0,0,0,0,0,0,1,0,0,0.0,0,0,0
955,22.0,7.725,1,0,0,0,0,0,0,0,0,0,0,0,0,0,0,0,0,0,3,0,0,1.0,0,0,0
957,28.0,21.0,1,0,0,0,0,0,0,0,0,0,0,0,0,0,0,0,0,0,2,0,0,2.0,0,0,0
958,18.0,7.8792,1,0,0,0,0,0,0,0,0,0,0,0,0,0,0,0,0,0,3,0,0,1.0,0,0,0
961,60.0,263.0,1,1,0,0,0,0,0,0,0,4,0,0,0,0,0,0,0,0,1,0,0,2.0,0,0,0
962,24.0,7.75,1,0,0,0,0,0,0,0,0,0,0,0,0,0,0,0,0,0,3,0,0,1.0,0,0,0
964,29.0,7.925,1,0,0,0,0,0,0,0,0,0,0,0,0,0,0,0,0,0,3,0,0,2.0,0,0,0
966,35.0,211.5,1,0,0,0,0,0,0,0,0,0,0,0,0,0,0,0,0,0,1,0,0,0.0,0,0,0
969,55.0,25.7,1,2,0,0,0,0,0,0,0,0,0,0,0,0,0,0,0,0,1,0,0,2.0,0,0,0
971,24.0,7.75,1,0,0,0,0,0,0,0,0,0,0,0,0,0,0,0,0,0,3,0,0,1.0,0,0,0
978,27.0,7.8792,1,0,0,0,0,0,0,0,0,0,0,0,0,0,0,0,0,0,3,0,0,1.0,0,0,0
979,18.0,8.05,1,0,0,0,0,0,0,0,0,0,0,0,0,0,0,0,0,0,3,0,0,2.0,0,0,0
980,28.0,7.75,1,0,0,0,0,0,0,0,0,0,0,0,0,0,0,0,0,0,3,0,0,1.0,0,0,0
982,22.0,13.9,1,1,0,0,0,0,0,0,0,0,0,0,0,0,0,0,0,0,3,0,0,2.0,0,0,0
984,27.0,52.0,1,1,0,0,0,0,0,0,0,2,0,0,0,0,0,0,0,0,1,0,0,2.0,0,0,0
988,76.0,78.85,1,1,0,0,0,0,0,0,0,0,0,0,0,0,0,0,0,0,1,0,0,2.0,0,0,0
990,20.0,7.8542,1,0,0,0,0,0,0,0,0,0,0,0,0,0,0,0,0,0,3,0,0,2.0,0,0,0
992,43.0,55.4417,1,1,0,0,0,0,0,0,0,0,0,0,0,0,0,0,0,0,1,0,0,0.0,0,0,0
996,16.0,8.5167,1,1,0,0,0,0,0,0,0,1,0,0,0,0,0,0,0,0,3,0,0,0.0,0,0,0
1003,28.0,7.7792,1,0,0,0,0,0,0,0,0,0,0,0,0,0,0,0,0,0,3,0,0,1.0,0,0,0
1004,36.0,31.6792,1,0,0,0,0,0,0,0,0,0,0,0,0,0,0,0,0,0,1,0,0,0.0,0,0,0
1005,18.5,7.2833,1,0,0,0,0,0,0,0,0,0,0,0,0,0,0,0,0,0,3,0,0,1.0,0,0,0
1006,63.0,221.7792,1,1,0,0,0,0,0,0,0,0,0,0,0,0,0,0,0,0,1,0,0,2.0,0,0,0
1009,1.0,16.7,1,1,0,0,0,0,0,0,0,1,0,0,0,0,0,0,0,0,3,0,0,2.0,0,0,0
1011,29.0,26.0,1,1,0,0,0,0,0,0,0,0,0,0,0,0,0,0,0,0,2,0,0,2.0,0,0,0
1012,12.0,15.75,1,0,0,0,0,0,0,0,0,0,0,0,0,0,0,0,0,0,2,0,0,2.0,0,0,0
1014,35.0,57.75,1,1,0,0,0,0,0,0,0,0,0,0,0,0,0,0,0,0,1,0,0,0.0,0,0,0
1017,17.0,16.1,1,0,0,0,0,0,0,0,0,1,0,0,0,0,0,0,0,0,3,0,0,2.0,0,0,0
1019,28.0,23.25,1,2,0,0,0,0,0,0,0,0,0,0,0,0,0,0,0,0,3,0,0,1.0,0,0,0
1024,28.0,25.4667,1,0,0,0,0,0,0,0,0,4,0,0,0,0,0,0,0,0,3,0,0,2.0,0,0,0
1030,23.0,8.05,1,0,0,0,0,0,0,0,0,0,0,0,0,0,0,0,0,0,3,0,0,2.0,0,0,0
1032,10.0,46.9,1,5,0,0,0,0,0,0,0,2,0,0,0,0,0,0,0,0,3,0,0,2.0,0,0,0
1033,33.0,151.55,1,0,0,0,0,0,0,0,0,0,0,0,0,0,0,0,0,0,1,0,0,2.0,0,0,0
1042,23.0,83.1583,1,0,0,0,0,0,0,0,0,1,0,0,0,0,0,0,0,0,1,0,0,0.0,0,0,0
1045,36.0,12.1833,1,0,0,0,0,0,0,0,0,2,0,0,0,0,0,0,0,0,3,0,0,2.0,0,0,0
1048,29.0,221.7792,1,0,0,0,0,0,0,0,0,0,0,0,0,0,0,0,0,0,1,0,0,2.0,0,0,0
1049,23.0,7.8542,1,0,0,0,0,0,0,0,0,0,0,0,0,0,0,0,0,0,3,0,0,2.0,0,0,0
1051,26.0,13.775,1,0,0,0,0,0,0,0,0,2,0,0,0,0,0,0,0,0,3,0,0,2.0,0,0,0
1052,28.0,7.7333,1,0,0,0,0,0,0,0,0,0,0,0,0,0,0,0,0,0,3,0,0,1.0,0,0,0
1054,26.0,13.5,1,0,0,0,0,0,0,0,0,0,0,0,0,0,0,0,0,0,2,0,0,2.0,0,0,0
1057,26.0,22.025,1,1,0,0,0,0,0,0,0,1,0,0,0,0,0,0,0,0,3,0,0,2.0,0,0,0
1060,28.0,27.7208,1,0,0,0,0,0,0,0,0,0,0,0,0,0,0,0,0,0,1,0,0,0.0,0,0,0
1061,22.0,8.9625,1,0,0,0,0,0,0,0,0,0,0,0,0,0,0,0,0,0,3,0,0,2.0,0,0,0
1067,15.0,39.0,1,0,0,0,0,0,0,0,0,2,0,0,0,0,0,0,0,0,2,0,0,2.0,0,0,0
1068,20.0,36.75,1,0,0,0,0,0,0,0,0,0,0,0,0,0,0,0,0,0,2,0,0,2.0,0,0,0
1070,36.0,39.0,1,0,0,0,0,0,0,0,0,3,0,0,0,0,0,0,0,0,2,0,0,2.0,0,0,0
1071,64.0,83.1583,1,0,0,0,0,0,0,0,0,2,0,0,0,0,0,0,0,0,1,0,0,0.0,0,0,0
1074,18.0,53.1,1,1,0,0,0,0,0,0,0,0,0,0,0,0,0,0,0,0,1,0,0,2.0,0,0,0
1076,27.0,247.5208,1,1,0,0,0,0,0,0,0,1,0,0,0,0,0,0,0,0,1,0,0,0.0,0,0,0
1078,21.0,21.0,1,0,0,0,0,0,0,0,0,1,0,0,0,0,0,0,0,0,2,0,0,2.0,0,0,0
1080,28.0,69.55,1,8,0,0,0,0,0,0,0,2,0,0,0,0,0,0,0,0,3,0,0,2.0,0,0,0
1089,18.0,7.775,1,0,0,0,0,0,0,0,0,0,0,0,0,0,0,0,0,0,3,0,0,2.0,0,0,0
1091,28.0,8.1125,1,0,0,0,0,0,0,0,0,0,0,0,0,0,0,0,0,0,3,0,0,2.0,0,0,0
1092,28.0,15.5,1,0,0,0,0,0,0,0,0,0,0,0,0,0,0,0,0,0,3,0,0,1.0,0,0,0
1095,8.0,26.0,1,1,0,0,0,0,0,0,0,1,0,0,0,0,0,0,0,0,2,0,0,2.0,0,0,0
1098,35.0,7.75,1,0,0,0,0,0,0,0,0,0,0,0,0,0,0,0,0,0,3,0,0,1.0,0,0,0
1100,33.0,27.7208,1,0,0,0,0,0,0,0,0,0,0,0,0,0,0,0,0,0,1,0,0,0.0,0,0,0
1105,60.0,26.0,1,1,0,0,0,0,0,0,0,0,0,0,0,0,0,0,0,0,2,0,0,2.0,0,0,0
1106,38.0,7.775,1,4,0,0,0,0,0,0,0,2,0,0,0,0,0,0,0,0,3,0,0,2.0,0,0,0
1108,28.0,7.8792,1,0,0,0,0,0,0,0,0,0,0,0,0,0,0,0,0,0,3,0,0,1.0,0,0,0
1110,50.0,211.5,1,1,0,0,0,0,0,0,0,1,0,0,0,0,0,0,0,0,1,0,0,0.0,0,0,0
1112,30.0,13.8583,1,1,0,0,0,0,0,0,0,0,0,0,0,0,0,0,0,0,2,0,0,0.0,0,0,0
1114,22.0,10.5,1,0,0,0,0,0,0,0,0,0,0,0,0,0,0,0,0,0,2,0,0,2.0,0,0,0
1116,53.0,27.4458,1,0,0,0,0,0,0,0,0,0,0,0,0,0,0,0,0,0,1,0,0,0.0,0,0,0
1117,28.0,15.2458,1,0,0,0,0,0,0,0,0,2,0,0,0,0,0,0,0,0,3,0,0,0.0,0,0,0
1119,28.0,7.75,1,0,0,0,0,0,0,0,0,0,0,0,0,0,0,0,0,0,3,0,0,1.0,0,0,0
1123,21.0,26.55,1,0,0,0,0,0,0,0,0,0,0,0,0,0,0,0,0,0,1,0,0,2.0,0,0,0
1130,18.0,13.0,1,1,0,0,0,0,0,0,0,1,0,0,0,0,0,0,0,0,2,0,0,2.0,0,0,0
1131,48.0,106.425,1,1,0,0,0,0,0,0,0,0,0,0,0,0,0,0,0,0,1,0,0,0.0,0,0,0
1132,55.0,27.7208,1,0,0,0,0,0,0,0,0,0,0,0,0,0,0,0,0,0,1,0,0,0.0,0,0,0
1133,45.0,30.0,1,0,0,0,0,0,0,0,0,2,0,0,0,0,0,0,0,0,2,0,0,2.0,0,0,0
1138,22.0,21.0,1,0,0,0,0,0,0,0,0,0,0,0,0,0,0,0,0,0,2,0,0,2.0,0,0,0
1140,29.0,26.0,1,1,0,0,0,0,0,0,0,0,0,0,0,0,0,0,0,0,2,0,0,2.0,0,0,0
1141,28.0,14.4542,1,1,0,0,0,0,0,0,0,0,0,0,0,0,0,0,0,0,3,0,0,0.0,0,0,0
1142,0.92,27.75,1,1,0,0,0,0,0,0,0,2,0,0,0,0,0,0,0,0,2,0,0,2.0,0,0,0
1150,19.0,13.0,1,0,0,0,0,0,0,0,0,0,0,0,0,0,0,0,0,0,2,0,0,2.0,0,0,0
1154,29.0,23.0,1,0,0,0,0,0,0,0,0,2,0,0,0,0,0,0,0,0,2,0,0,2.0,0,0,0
1155,1.0,12.1833,1,1,0,0,0,0,0,0,0,1,0,0,0,0,0,0,0,0,3,0,0,2.0,0,0,0
1160,28.0,8.05,1,0,0,0,0,0,0,0,0,0,0,0,0,0,0,0,0,0,3,0,0,2.0,0,0,0
1164,26.0,136.7792,1,1,0,0,0,0,0,0,0,0,0,0,0,0,0,0,0,0,1,0,0,0.0,0,0,0
1165,28.0,15.5,1,1,0,0,0,0,0,0,0,0,0,0,0,0,0,0,0,0,3,0,0,1.0,0,0,0
1167,20.0,26.0,1,1,0,0,0,0,0,0,0,0,0,0,0,0,0,0,0,0,2,0,0,2.0,0,0,0
1172,23.0,8.6625,1,0,0,0,0,0,0,0,0,0,0,0,0,0,0,0,0,0,3,0,0,2.0,0,0,0
1174,28.0,7.75,1,0,0,0,0,0,0,0,0,0,0,0,0,0,0,0,0,0,3,0,0,1.0,0,0,0
1175,9.0,15.2458,1,1,0,0,0,0,0,0,0,1,0,0,0,0,0,0,0,0,3,0,0,0.0,0,0,0
1176,2.0,20.2125,1,1,0,0,0,0,0,0,0,1,0,0,0,0,0,0,0,0,3,0,0,2.0,0,0,0
1183,30.0,6.95,1,0,0,0,0,0,0,0,0,0,0,0,0,0,0,0,0,0,3,0,0,1.0,0,0,0
1188,1.0,41.5792,1,1,0,0,0,0,0,0,0,2,0,0,0,0,0,0,0,0,2,0,0,0.0,0,0,0
1196,28.0,7.75,1,0,0,0,0,0,0,0,0,0,0,0,0,0,0,0,0,0,3,0,0,1.0,0,0,0
1197,64.0,26.55,1,1,0,0,0,0,0,0,0,1,0,0,0,0,0,0,0,0,1,0,0,2.0,0,0,0
1201,45.0,14.1083,1,1,0,0,0,0,0,0,0,0,0,0,0,0,0,0,0,0,3,0,0,2.0,0,0,0
1205,37.0,7.75,1,0,0,0,0,0,0,0,0,0,0,0,0,0,0,0,0,0,3,0,0,1.0,0,0,0
1206,55.0,135.6333,1,0,0,0,0,0,0,0,0,0,0,0,0,0,0,0,0,0,1,0,0,0.0,0,0,0
1207,17.0,7.7333,1,0,0,0,0,0,0,0,0,0,0,0,0,0,0,0,0,0,3,0,0,1.0,0,0,0
1216,39.0,211.3375,1,0,0,0,0,0,0,0,0,0,0,0,0,0,0,0,0,0,1,0,0,2.0,0,0,0
1218,12.0,39.0,1,2,0,0,0,0,0,0,0,1,0,0,0,0,0,0,0,0,2,0,0,2.0,0,0,0
1222,48.0,36.75,1,0,0,0,0,0,0,0,0,2,0,0,0,0,0,0,0,0,2,0,0,2.0,0,0,0
1225,19.0,15.7417,1,1,0,0,0,0,0,0,0,1,0,0,0,0,0,0,0,0,3,0,0,0.0,0,0,0
1235,58.0,512.3292,1,0,0,0,0,0,0,0,0,1,0,0,0,0,0,0,0,0,1,0,0,0.0,0,0,0
1237,16.0,7.65,1,0,0,0,0,0,0,0,0,0,0,0,0,0,0,0,0,0,3,0,0,2.0,0,0,0
1239,38.0,7.2292,1,0,0,0,0,0,0,0,0,0,0,0,0,0,0,0,0,0,3,0,0,0.0,0,0,0
1241,31.0,21.0,1,0,0,0,0,0,0,0,0,0,0,0,0,0,0,0,0,0,2,0,0,2.0,0,0,0
1242,45.0,63.3583,1,0,0,0,0,0,0,0,0,1,0,0,0,0,0,0,0,0,1,0,0,0.0,0,0,0
1246,0.17,20.575,1,1,0,0,0,0,0,0,0,2,0,0,0,0,0,0,0,0,3,0,0,2.0,0,0,0
1248,59.0,51.4792,1,2,0,0,0,0,0,0,0,0,0,0,0,0,0,0,0,0,1,0,0,2.0,0,0,0
1251,30.0,15.55,1,1,0,0,0,0,0,0,0,0,0,0,0,0,0,0,0,0,3,0,0,2.0,0,0,0
1253,24.0,37.0042,1,1,0,0,0,0,0,0,0,1,0,0,0,0,0,0,0,0,2,0,0,0.0,0,0,0
1254,31.0,21.0,1,0,0,0,0,0,0,0,0,0,0,0,0,0,0,0,0,0,2,0,0,2.0,0,0,0
1256,25.0,55.4417,1,1,0,0,0,0,0,0,0,0,0,0,0,0,0,0,0,0,1,0,0,0.0,0,0,0
1257,28.0,69.55,1,1,0,0,0,0,0,0,0,9,0,0,0,0,0,0,0,0,3,0,0,2.0,0,0,0
1259,22.0,39.6875,1,0,0,0,0,0,0,0,0,0,0,0,0,0,0,0,0,0,3,0,0,2.0,0,0,0
1260,45.0,59.4,1,0,0,0,0,0,0,0,0,1,0,0,0,0,0,0,0,0,1,0,0,0.0,0,0,0
1263,31.0,134.5,1,0,0,0,0,0,0,0,0,0,0,0,0,0,0,0,0,0,1,0,0,0.0,0,0,0
1266,54.0,81.8583,1,1,0,0,0,0,0,0,0,1,0,0,0,0,0,0,0,0,1,0,0,2.0,0,0,0
1267,45.0,262.375,1,0,0,0,0,0,0,0,0,0,0,0,0,0,0,0,0,0,1,0,0,0.0,0,0,0
1268,22.0,8.6625,1,2,0,0,0,0,0,0,0,0,0,0,0,0,0,0,0,0,3,0,0,2.0,0,0,0
1274,28.0,14.5,1,0,0,0,0,0,0,0,0,0,0,0,0,0,0,0,0,0,3,0,0,2.0,0,0,0
1275,19.0,16.1,1,1,0,0,0,0,0,0,0,0,0,0,0,0,0,0,0,0,3,0,0,2.0,0,0,0
1277,24.0,65.0,1,1,0,0,0,0,0,0,0,2,0,0,0,0,0,0,0,0,2,0,0,2.0,0,0,0
1283,51.0,39.4,1,0,0,0,0,0,0,0,0,1,0,0,0,0,0,0,0,0,1,0,0,2.0,0,0,0
1287,18.0,60.0,1,1,0,0,0,0,0,0,0,0,0,0,0,0,0,0,0,0,1,0,0,2.0,0,0,0
1289,48.0,79.2,1,1,0,0,0,0,0,0,0,1,0,0,0,0,0,0,0,0,1,0,0,0.0,0,0,0
1292,30.0,164.8667,1,0,0,0,0,0,0,0,0,0,0,0,0,0,0,0,0,0,1,0,0,2.0,0,0,0
1294,22.0,59.4,1,0,0,0,0,0,0,0,0,1,0,0,0,0,0,0,0,0,1,0,0,0.0,0,0,0
1300,28.0,7.7208,1,0,0,0,0,0,0,0,0,0,0,0,0,0,0,0,0,0,3,0,0,1.0,0,0,0
1301,3.0,13.775,1,1,0,0,0,0,0,0,0,1,0,0,0,0,0,0,0,0,3,0,0,2.0,0,0,0
1302,28.0,7.75,1,0,0,0,0,0,0,0,0,0,0,0,0,0,0,0,0,0,3,0,0,1.0,0,0,0
1303,37.0,90.0,1,1,0,0,0,0,0,0,0,0,0,0,0,0,0,0,0,0,1,0,0,1.0,0,0,0
1304,28.0,7.775,1,0,0,0,0,0,0,0,0,0,0,0,0,0,0,0,0,0,3,0,0,2.0,0,0,0
1306,39.0,108.9,1,0,0,0,0,0,0,0,0,0,0,0,0,0,0,0,0,0,1,0,0,0.0,0,0,0
